{"cameraMode":{"drawMode":0,"name":"Shaded","section":"Shading Mode"},"sceneLighting":true,"audioPlay":false,"sceneViewState":{"showFog":true,"showMaterialUpdate":false,"showSkybox":true,"showFlares":true,"showImageEffects":true,"showParticleSystems":true},"in2DMode":false,"pivot":{"x":2.484140634536743,"y":3.9283008575439455,"z":9.70418930053711},"rotation":{"x":0.13396112620830537,"y":-0.4763883352279663,"z":0.07370439916849137,"w":0.8658384680747986},"size":10.451720237731934,"orthographic":true}