{"cameraMode":{"drawMode":0,"name":"Shaded","section":"Shading Mode"},"sceneLighting":false,"audioPlay":false,"sceneViewState":{"showFog":true,"showMaterialUpdate":false,"showSkybox":true,"showFlares":true,"showImageEffects":true,"showParticleSystems":true},"in2DMode":false,"pivot":{"x":1.2599999904632569,"y":1.3839999437332154,"z":-2.069000005722046},"rotation":{"x":0.11223156005144119,"y":0.5846211910247803,"z":-0.08208800107240677,"w":0.7993019819259644},"size":1.1431537866592408,"orthographic":true}